일시,구분
2024-07-13 17:00,출
2024-07-08 9:00,출
2024-07-10 13:00,출
2024-07-08 5:00,입
2024-07-07 19:00,출
2024-07-05 3:00,입
2024-07-05 7:00,입
2024-07-09 20:00,출
2024-07-05 17:00,입
2024-07-13 13:00,입
2024-07-10 19:00,입
2024-07-15 19:00,출
2024-07-13 15:00,출
2024-07-06 21:00,입
2024-07-14 3:00,출
2024-07-11 1:00,입
2024-07-01 11:00,출
2024-07-10 10:00,출
2024-07-13 9:00,출
2024-07-10 9:00,입
2024-07-05 21:00,입
2024-07-10 1:00,출
2024-07-04 12:00,출
2024-07-02 22:00,출
2024-07-02 0:00,출
2024-07-13 10:00,입
2024-07-05 22:00,출
2024-07-07 3:00,출
2024-07-07 9:00,출
2024-07-07 9:00,입
2024-07-07 3:00,입
2024-07-06 7:00,입
2024-07-12 10:00,입
2024-07-15 1:00,출
2024-07-15 12:00,출
2024-07-05 11:00,입
2024-07-02 21:00,출
2024-07-08 3:00,입
2024-07-15 19:00,입
2024-07-07 12:00,입
2024-07-04 7:00,입
2024-07-12 0:00,입
2024-07-15 8:00,출
2024-07-06 12:00,입
2024-07-10 14:00,출
2024-07-09 4:00,출
2024-07-13 11:00,입
2024-07-14 12:00,출
2024-07-12 20:00,입
2024-07-05 13:00,입
2024-07-01 10:00,입
2024-07-13 17:00,입
2024-07-08 7:00,입
2024-07-07 8:00,출
2024-07-07 5:00,출
2024-07-13 0:00,입
2024-07-11 20:00,입
2024-07-10 10:00,입
2024-07-09 1:00,입
2024-07-11 13:00,출
2024-07-14 13:00,입
2024-07-07 2:00,출
2024-07-03 9:00,출
2024-07-08 5:00,입
2024-07-11 19:00,출
2024-07-10 15:00,출
2024-07-13 21:00,입
2024-07-10 20:00,출
2024-07-07 6:00,입
2024-07-03 21:00,출
2024-07-11 16:00,입
2024-07-02 12:00,출
2024-07-14 21:00,입
2024-07-12 4:00,출
2024-07-14 14:00,입
2024-07-09 23:00,출
2024-07-04 9:00,출
2024-07-14 11:00,입
2024-07-03 21:00,출
2024-07-13 20:00,출
2024-07-05 20:00,출
2024-07-15 4:00,출
2024-07-15 23:00,출
2024-07-07 9:00,입
2024-07-06 4:00,출
2024-07-09 17:00,출
2024-07-11 1:00,입
2024-07-01 7:00,입
2024-07-14 15:00,입
2024-07-09 10:00,입
2024-07-07 15:00,입
2024-07-02 5:00,입
2024-07-08 13:00,입
2024-07-13 5:00,입
2024-07-02 14:00,출
2024-07-01 19:00,출
2024-07-05 6:00,출
2024-07-03 18:00,입
2024-07-10 19:00,출
2024-07-02 19:00,출
